title,course,due_date,started_at,completed_at,estimated_hours,actual_hours,data_precision,stress_level
需求访谈提纲,软件工程,2026-08-24,2026-08-22T19:00,2026-08-23T21:30,3,2.5,exact,2
栈与队列练习,数据结构,2026-08-25,2026-08-24T14:00,2026-08-25T18:20,4,4.5,exact,3
进程调度实验,操作系统,2026-08-27,2026-08-25T19:30,2026-08-28T00:10,6,7.5,approx,5
数据库ER模型设计,数据库,2026-08-28,2026-08-26T20:00,2026-08-27T22:00,5,4.5,exact,3
英语演讲初稿,大学英语,2026-08-29,2026-08-28T18:30,2026-08-29T20:30,3,3,exact,3
TCP抓包分析,计算机网络,2026-09-01,2026-08-29T15:00,2026-08-31T22:40,5,6,approx,4
高数错题整理,高等数学,2026-09-02,2026-09-01T19:00,2026-09-02T20:30,2,2,exact,2
软件工程任务书初稿,软件工程,2026-09-03,2026-08-31T14:00,2026-09-02T23:00,8,9,approx,4
二叉树综合题,数据结构,2026-09-04,2026-09-02T19:00,2026-09-04T16:30,6,5.5,exact,3
内存管理实验报告,操作系统,2026-09-05,2026-09-03T20:00,2026-09-05T23:20,7,8,approx,5
SQL查询优化练习,数据库,2026-09-06,2026-09-05T14:30,2026-09-06T17:00,4,4,exact,3
英文文献摘要,大学英语,2026-09-07,2026-09-05T10:00,2026-09-06T20:00,4,3.5,approx,2
路由协议对比报告,计算机网络,2026-09-08,2026-09-06T15:00,2026-09-08T22:50,6,7,exact,4
线性代数复习卷,高等数学,2026-09-09,2026-09-08T19:00,2026-09-09T18:30,3,3.5,exact,3
项目风险清单,软件工程,2026-09-10,2026-09-08T20:00,2026-09-09T22:10,4,3.5,exact,2
图算法编程作业,数据结构,2026-09-11,2026-09-09T19:00,2026-09-12T00:30,8,10,approx,5
文件系统实验,操作系统,2026-09-12,2026-09-10T14:00,2026-09-11T21:30,6,6,exact,3
数据库事务总结,数据库,2026-09-13,2026-09-12T10:00,2026-09-13T16:00,3,2.5,rough,2
软件测试用例设计,软件工程,2026-09-14,2026-09-12T15:00,2026-09-13T23:30,5,6,approx,4
HTTP服务端实验,计算机网络,2026-09-15,2026-09-13T19:00,2026-09-15T20:00,5,5.5,exact,4
英语四级听力复盘,大学英语,2026-09-16,2026-09-15T18:00,2026-09-16T19:20,2,2,rough,2
概率论章节测验,高等数学,2026-09-17,2026-09-16T20:00,2026-09-17T21:10,3,3.5,exact,3
项目原型页面,软件工程,2026-09-18,2026-09-15T14:00,2026-09-17T22:30,10,12,approx,5
并发编程阅读笔记,操作系统,2026-09-19,2026-09-18T19:00,2026-09-19T20:20,3,2.5,exact,2
课程项目周报,软件工程,2026-09-20,2026-09-19T15:00,2026-09-20T17:00,2,2,rough,2
