title,course,due_date,started_at,estimated_hours,spent_hours,progress_percent,priority,data_precision,stress_level
项目周报与燃尽记录,软件工程,2026-10-11,2026-09-20T15:00,1.5,1,70,2,exact,3
HTTP服务端实验,计算机网络,2026-10-13,2026-09-18T19:00,5,3.2,65,3,exact,4
需求分析与用例文档,软件工程,2026-10-15,2026-09-18T19:00,6,2.5,40,3,approx,4
数据库实验二,数据库,2026-10-17,2026-09-19T14:30,5,1.5,30,3,approx,4
树与图算法编程作业,数据结构,2026-10-20,2026-09-19T19:30,6,1,15,2,rough,3
网络抓包分析,计算机网络,2026-10-22,2026-09-18T15:00,4,1.5,35,2,exact,3
英语课堂展示,大学英语,2026-10-25,2026-09-16T18:30,3,1.2,50,2,exact,3
文件系统阅读笔记,操作系统,2026-10-24,2026-09-19T20:00,3,1.5,55,1,exact,2
高等数学章节复习,高等数学,2026-10-27,2026-09-19T10:00,4,1,25,1,rough,2
项目风险清单,软件工程,2026-10-28,2026-09-18T16:00,3,1,40,2,exact,3
项目原型与页面交互,软件工程,2026-10-30,2026-09-15T14:00,8,2.5,30,3,approx,5
软件测试用例设计,软件工程,2026-11-02,2026-09-20T09:00,5,0.5,10,2,approx,3
